channel_width,analytical_Deff
1.2,0.20689655172413793
1.6,0.2580645161290323
2.0,0.30303030303030304
